{"long":{"ics":[4.467340340610461,3.7940903553373473,2.60809429137759,3.00231146150275,1.6298344740735857,2.910860315848081,1.9838424995748267,2.4937306478015158,1.4053730421728887,1.191306487049423,0.7148064091900365,0.6865779329395262,4.773299918755052,1.5409041592682784,2.7868651364141686,3.402383899690584,1.9653774843609282,0.5122462525649053,0.44374704289648803,0.7249268818807767,2.9030631661971347,1.8593040827461544,0.80032035507493,0.6180953831762129,3.393467813882253,2.1567547927063804,1.6000103901086469,2.934804959443566,2.580143445713972,0.67653672546272,2.592283850298864,0.3732005983470712,0.5620808683004964,2.7915458425042816,2.3233313942378837,4.043037030008336,2.0066099372966697,5.317146102710987,0.2795998221629111,2.1509518309698814,2.390984703423411,1.7093927500948707,1.9823639232817498,3.8145472866731667,4.878303426557946,0.6360542498710036,1.547030113695018,0.5256287323889253,0.795795470583376,2.475501124365755,0.7195197516566072,0.3780825716972143,2.577251313226091,0.3555218589523869,0.3840428103362923,4.063174120943462,1.5037328297960084],"entropies":[5.483983659744263,4.7101178646087645,4.184202416737874,4.046378755569458,3.429928668340047,3.7545896768569946,3.081077822049459,3.6627569357554117,3.207934276262919,2.958559020360311,2.133661154905955,1.9993419965108237,2.077296046415965,3.026149861017863,3.4067490100860596,2.7815524180730185,2.9594696442286175,1.7383772412935892,1.5810955087343852,2.088692061106364,2.9808168172836305,3.3345229228337607,2.3298593203226727,2.01926767428716,2.8075859705607096,2.8811076084772744,2.6089436133702595,2.5310813943545023,2.66461017926534,1.7778351108233135,2.453042205174764,1.3957942426204681,1.8166183352470398,2.095428264141083,2.962747399012248,1.7963993589083354,2.5058093468348184,1.7855249087015788,1.194742625951767,2.7492602427800494,2.8077505191167194,2.360238536198934,3.1728379170099896,2.814401054382324,2.8933483362197876,1.9800988872845968,2.6798550446828204,1.7204554319381713,2.116228206952413,2.8251831690470377,1.9666905959447225,1.2698774377504984,2.6316771030426027,1.334604674577713,1.349753624200821,1.817366373538971,2.7497350851694744],"mdwics":2.1131031156854387,"last_note_probs":[1.8031363481033995e-09,1.6896418264522594e-09,1.8925819184982077e-09,1.877011787665417e-09,1.859029608031193e-09,2.240246919453052e-09,1.9140538580023996e-09,1.8601671360659229e-09,2.124627422143514e-09,1.7696976338058927e-09,1.8358175683334347e-09,1.9914671277783866e-09,1.9952557300806363e-09,1.8635645600747115e-09,1.776035699063705e-09,1.7534025097594904e-09,1.7889118626250126e-09,1.7083693279462686e-09,2.0911061798800644e-09,2.04049129814976e-09,2.03721569197457e-09,1.938199226114712e-09,1.686576744005149e-09,1.7532603947360374e-09,1.7715883001330941e-09,1.7381288154131683e-09,1.8214737893910518e-09,1.856106784011343e-09,1.579751853405161e-09,1.9955213463133484e-09,1.9302749528401128e-09,2.119389582814583e-09,1.958652471693393e-09,1.8971196317589073e-09,2.1221341535889357e-09,2.1052817308908624e-09,1.9374350660831634e-09,1.9524756931602976e-09,1.7445018818396108e-09,2.0234456110657107e-09,1.989539680687565e-09,1.863838570518676e-09,1.7981574197227049e-09,1.833063058750047e-09,1.9107261624758582e-09,2.021851565799556e-09,1.9564397130134025e-09,1.7899653805460621e-09,2.003870563001738e-09,9.989073923577507e-07,2.441441394391101e-05,0.00013573202947251653,1.5712874282295767e-06,0.00015134780151129234,3.2491897570707808e-06,0.0004810319510094511,0.00021740040513880862,8.021290741453413e-05,0.00825205158131818,0.00014765008891117759,0.019961659082521996,0.001692098790469269,0.11507344245910645,0.27074352155129117,0.0028058569490288696,0.2055792137980461,0.0023363023045628022,0.1808918317159017,0.04257312851647536,0.004615971321860949,0.06311211834351221,0.0005134217620555622,0.02056347212443749,0.0006793259672122076,0.017607315583154558,0.02107544258857767,0.00013543316999857779,0.008921178973590333,8.177848139894195e-05,0.00624782657250762,0.001492143247742206,0.00014191144340050716,0.0019232827646192164,1.7109077104275152e-05,0.0005783458250031496,1.4581765458387964e-05,0.00033619989966003535,0.00036040230697835794,3.255864510265383e-06,0.00015900152320682536,1.418074025612744e-06,0.0001158539148188235,2.6980831959614684e-05,4.8548248742008585e-06,8.504887039938088e-05,5.495691288122846e-07,1.1937139235366583e-05,3.5992873452054636e-07,7.063735813517269e-06,4.870736592010871e-06,6.991635880619166e-08,3.5225182652235767e-06,1.689421313585034e-08,2.5409125688232355e-06,3.395644862772921e-07,1.24943635408196e-07,1.3365876033806975e-06,1.3318422366811096e-08,2.9258948224253346e-07,2.463999793089755e-09,1.5626128195833645e-07,1.9020222215745028e-08,1.4774190431240028e-09,5.5592905271832176e-08,1.974963793431132e-09,8.816499534140358e-09,5.856136670034928e-09,4.192280829891833e-09,8.108119810742073e-09,2.0976262389097815e-09,1.1795706460667373e-08,2.273546891492136e-09,2.2871189520046185e-08,1.64599912773807e-08,1.9703971241661714e-09,4.877928696522815e-08,2.3318814286928577e-09,1.165780436333345e-07]},"short":{"ics":[4.632913139303722,3.141606756556377,2.1862554384865316,4.358357194511895,2.526303220147363,3.3613358557993576,1.6008466497015668,1.9930882485574952,1.7920390862668836,3.1914375361689626,3.005016593167966,2.2361805701428406,2.088037621905874,1.631491847260447,2.1062758206048087,2.6055996830548707,0.9914496065213437,3.7058716299805434,2.9476697924293958,1.4508927495500996,1.7018128600397904,2.237100727505147,6.117332246778358,0.8766502725789728,1.3861525992275108,0.7683997188031605,1.6051380191262863,2.7192402031502145,1.3590068795345678],"entropies":[5.483983659744263,4.62632417678833,4.085873007774353,3.87087455590566,3.857066543896993,2.951983165740967,3.200192586580912,3.6062198003133137,3.380158877372742,3.4516597350438434,3.30219038327535,3.483187540372213,3.135506264368693,3.153414225578308,3.487692292531331,3.6426230589548747,2.519870400428772,2.499599365393321,2.784001525243123,2.8520951430002848,3.137998668352763,3.2081652720769247,3.2523260275522867,2.2941259304682413,2.7362521012624104,2.114840241273244,2.701101064682007,2.583167811234792,2.6860920508702595],"mdwics":2.318453947082419,