{"Major_Second_Ascending":{"ics":[6.189825,3.3100328,7.287569],"entropies":[6.189825,4.073964,3.6752186],"last_note_probs":[0.0,0.0,0.0,0.0,0.0,0.0,0.0,0.0,0.0,0.0,0.0,0.0,0.0,0.0,0.0,0.0,0.0,0.0,0.0,0.0,0.0,0.0,0.0,0.0,0.0,0.0,0.0,0.0,0.0,0.0,0.0,0.0,0.0,0.0,0.0,0.0,0.0,0.0,0.0,0.0,0.0,0.0,0.0,0.0,0.0,0.0,0.0,0.0,0.0,0.0010480442,0.001659741,0.00092907326,0.005155931,0.0006907348,0.0079224445,0.0021786985,0.0036982063,0.0135749215,0.0033837166,0.040475335,0.0064006355,0.033378668,0.053594656,0.04579043,0.2440265,0.027538665,0.15298213,0.09182267,0.11798214,0.057323314,0.009171994,0.034119774,0.0032867615,0.012308553,0.00742506,0.003040203,0.0036561524,0.00045773172,0.0071181264,0.0018253603,0.0015162897,0.0011362202,0.0003007564,0.000958479,0.000121233985,0.00027928673,0.00016171849,8.450036e-05,0.00012026429,2.2814289e-05,0.00049286394,0.0001330932,0.00011479956,0.00010589613,3.28651e-05,7.69199e-05,2.3229533e-05,3.460977e-05,2.1017062e-05,1.6447333e-05,1.9517605e-05,6.966246e-06,3.14727e-05,2.726439e-05,2.3164535e-05,1.9313606e-05,8.630925e-06,1.6780898e-05,5.3068607e-06,1.3367132e-05,6.588537e-06,5.5946766e-06,9.7973e-06,2.9856008e-06,1.4241958e-05,1.427347e-05,1.4624176e-05,1.1379368e-05,7.146645e-06,0.0,4.9724235e-06,0.0,0.0,0.0,0.0,3.0248768e-06,0.0,1.3998648e-05]},"Major_Second_Descending":{"ics":[6.189825,2.872947,8.129238],"entropies":[6.189825,4.0957785,3.6232166],"last_note_probs":[0.0,0.0,0.0,0.0,0.0,0.0,0.0,0.0,0.0,0.0,0.0,0.0,0.0,0.0,0.0,0.0,0.0,0.0,0.0,0.0,0.0,0.0,0.0,0.0,0.0,0.0,0.0,0.0,0.0,0.0,0.0,0.0,0.0,0.0,0.0,0.0,0.0,0.0,0.0,0.0,0.0,0.0,0.0,0.0,0.0,0.0,0.0,0.0,0.0,0.00075632386,0.00025364518,0.0007473645,0.0011137774,0.0011940713,0.005637836,0.00026246914,0.0033785487,0.0027727091,0.0059774816,0.020147085,0.0035715392,0.03769327,0.010487847,0.07635179,0.18080962,0.11719503,0.17012706,0.014887864,0.17112795,0.031470876,0.035617728,0.03629704,0.0039251624,0.023774799,0.0029051842,0.011454959,0.004244193,0.0016885259,0.012376601,0.0006121496,0.005124282,0.0009104113,0.0012919161,0.0010169921,0.00015954448,0.00093336875,9.8326906e-05,0.00023144514,0.00010960018,5.1949817e-05,0.00035941627,4.3610828e-05,0.00018095551,5.0171788e-05,8.902472e-05,6.83719e-05,2.5723693e-05,7.250105e-05,1.6253647e-05,3.601968e-05,1.8198612e-05,1.1654196e-05,3.2028154e-05,1.2503406e-05,3.5501263e-05,1.5375248e-05,1.5104641e-05,1.380723e-05,6.179968e-06,1.1448213e-05,5.795261e-06,9.570391e-06,5.3950353e-06,5.5991923e-06,1.1590828e-05,5.4268576e-06,1.9363211e-05,8.117075e-06,9.398616e-06,0.0,4.6128707e-06,0.0,0.0,0.0,0.0,3.850106e-06,0.0,8.840819e-06]},"Major_Sixth_Ascending":{"ics":[6.189825,6.5361466,5.8397803],"entropies":[6.189825,3.8785863,3.615086],"last_note_probs":[0.0,0.0,0.0,0.0,0.0,0.0,0.0,0.0,0.0,0.0,0.0,0.0,0.0,0.0,0.0,0.0,0.0,0.0,0.0,0.0,0.0,0.0,0.0,0.0,0.0,0.0,0.0,0.0,0.0,0.0,0.0,0.0,0.0,0.0,0.0,0.0,0.0,0.0,0.0,0.0,0.0,0.0,0.0,0.0,0.0,0.0,0.0,0.0,0.0,0.00196444,0.011929334,0.0013643911,0.006168431,0.002348323,0.015663391,0.003353807,0.011664601,0.06532639,0.0055364347,0.03737383,0.017460268,0.036730442,0.09914579,0.022171604,0.2654958,0.039419163,0.17916518,0.06188977,0.03697909,0.042869866,0.00411863,0.012219036,0.0013484774,0.0055767754,0.0029173791,0.001208267,0.001072184,0.00032400072,0.0042461273,0.0005468338,0.00041456064,0.00058718136,0.00011622596,0.00023689383,6.514885e-05,0.00013941737,9.013737e-05,3.9983137e-05,5.4436045e-05,2.3553728e-05,0.00015722003,4.9548828e-05,3.9745435e-05,5.4927066e-05,1.5911492e-05,2.2444783e-05,1.17082045e-05,1.4403234e-05,1.2708928e-05,7.3715955e-06,9.954686e-06,4.955115e-06,3.8362134e-05,1.2766798e-05,1.146462e-05,2.4595774e-05,5.2290643e-06,8.809233e-06,5.401957e-06,7.0618294e-06,6.92077e-06,5.2570795e-06,5.0340955e-06,4.571517e-06,1.8180512e-05,1.2852795e-05,2.3360679e-05,1.5609798e-05,5.476748e-06,0.0,5.364583e-06,0.0,0.0,0.0,0.0,4.634896e-06,0.0,1.2592221e-05]},"Major_Sixth_Descending":{"ics":[6.189825,6.9862576,9.239003],"entropies":[6.189825,4.1170006,3.8013854],"last_note_probs":[0.0,0.0,0.0,0.0,0.0,0.0,0.0,0.0,0.0,0.0,0.0,0.0,0.0,0.0,0.0,0.0,0.0,0.0,0.0,0.0,0.0,0.0,0.0,0.0,0.0,0.0,0.0,0.0,0.0,0.0,0.0,0.0,0.0,0.0,0.0,0.0,0.0,0.0,0.0,0.0,0.0,0.0,0.0,0.0,0.0,0.0,0.0,0.0,0.0,0.00015794637,8.125063e-05,0.00063978473,0.00033861643,0.00033780883,0.0028222755,0.00033662736,0.0013638596,0.0013045119,0.007633812,0.0077164867,0.0016549429,0.017240835,0.008283614,0.049889483,0.06309464,0.0626446,0.19601966,0.03899417,0.16217743,0.029460413,0.09503219,0.07398694,0.004487269,0.04264048,0.009742476,0.0738827,0.0065361047,0.0022614694,0.025388418,0.0012414394,0.0031135867,0.00087538763,0.002030691,0.0015781728,0.0004440369,0.0010503989,0.0002953203,0.0007314933,0.00024869575,0.00017564792,0.0004625299,0.00013112968,0.00021548597,8.0049955e-05,0.00018087134,0.00013634161,6.270793e-05,0.00011653675,4.0374525e-05,9.454589e-05,3.5562654e-05,3.6852758e-05,5.9721006e-05,3.2224394e-05,5.0998227e-05,2.3786919e-05,4.4634548e-05,3.3498105e-05,1.9826053e-05,2.3989362e-05,1.6251473e-05,2.8002405e-05,1.5435391e-05,1.1742685e-05,1.9105973e-05,1.1949369e-05,1.7807548e-05,1.2427857e-05,1.8263518e-05,0.0,1.1975098e-05,0.0,0.0,0.0,0.0,9.304071e-06,0.0,1.0396638e-05]},"Minor_Seventh_Ascending":{"ics":[6.189825,7.3830476,6.139394],"entropies":[6.189825,3.8379676,3.8012638],"last_note_probs":[0.0,0.0,0.0,0.0,0.0,0.0,0.0,0.0,0.0,0.0,0.0,0.0,0.0,0.0,0.0,0.0,0.0,0.0,0.0,0.0,0.0,0.0,0.0,0.0,0.0,0.0,0.0,0.0,0.0,0.0,0.0,0.0,0.0,0.0,0.0,0.0,0.0,0.0,0.0,0.0,0.0,0.0,0.0,0.0,0.0,0.0,0.0,0.0,0.0,0.0031848284,0.0013509624,0.004452998,0.0058413683,0.004326076,0.024137586,0.008605681,0.05117471,0.0076762694,0.024986481,0.032360744,0.014185948,0.04565999,0.02161724,0.0972899,0.17204085,0.17110832,0.13358514,0.019640554,0.08668353,0.019031512,0.014458158,0.013459727,0.00148683,0.008030336,0.0015443896,0.0028112298,0.0009551358,0.0003327907,0.004436065,0.00037143042,0.00094520743,0.00031022428,0.00035843605,0.00028936163,7.009535e-05,0.00021036887,6.1991115e-05,0.00010244474,4.5924575e-05,2.3196695e-05,0.00015542009,4.6136323e-05,7.576587e-05,3.8754053e-05,3.2043812e-05,3.020895e-05,1.17076725e-05,2.2874032e-05,1.06908965e-05,1.6663664e-05,7.301118e-06,9.130962e-06,2.3389452e-05,1.35412165e-05,3.5381032e-05,1.2353806e-05,1.2394117e-05,1.1874618e-05,6.5452987e-06,1.0268527e-05,7.807206e-06,8.549713e-06,6.2435665e-06,4.7625517e-06,2.1028718e-05,5.4930693e-05,2.2312443e-05,1.2266712e-05,1.1938721e-05,0.0,6.4991546e-06,0.0,0.0,0.0,0.0,4.829846e-06,0.0,1.2269437e-05]},"Minor_Seventh_Descending":{"ics":[6.189825,7.8533926,8.801126],"entropies":[6.189825,4.114877,4.059757],"last_note_probs":[0.0,0.0,0.0,0.0,0.0,0.0,0.0,0.0,0.0,0.0,0.0,0.0,0.0,0.0,0.0,0.0,0.0,0.0,0.0,0.0,0.0,0.0,0.0,0.0,0.0,0.0,0.0,0.0,0.0,0.0,0.0,0.0,0.0,0.0,0.0,0.0,0.0,0.0,0.0,0.0,0.0,0.0,0.0,0.0,0.0,0.0,0.0,0.0,0.0,0.0002585436,0.00013399687,0.00019563896,0.0005722741,0.00024642644,0.0030355025,0.00050944014,0.0011759439,0.0023891106,0.0016796547,0.0096176,0.0022418012,0.012870522,0.018292088,0.026481934,0.105005756,0.027050912,0.1565749,0.06254975,0.11923659,0.0887368,0.02835572,0.047430146,0.004650093,0.06230643,0.050293952,0.026945684,0.05106484,0.0014967743,0.051371943,0.002240608,0.0028527952,0.0032029042,0.0010922011,0.020531401,0.00050785666,0.0014685219,0.00082677085,0.0004744108,0.00082554045,0.00013734671,0.00071502256,0.00024076295,0.0002342547,0.00029698707,0.00011152211,0.0002287678,7.900296e-05,0.00016747466,0.00011053346,6.8365196e-05,0.00012361049,2.688687e-05,0.00011930719,5.607208e-05,5.50959e-05,6.5038024e-05,3.2725144e-05,5.69895e-05,2.3243045e-05,3.482679e-05,2.8024542e-05,2.5083436e-05,3.1536856e-05,1.1688132e-05,2.3549077e-05,1.8165494e-05,1.7544913e-05,2.0232646e-05,1.5817472e-05,0.0,9.762288e-06,0.0,0.0,0.0,0.0,7.786285e-06,0.0,1.332555e-05]},"Minor_Third_Ascending":{"ics":[6.189825,4.2590685,7.304628],"entropies":[6.189825,4.063066,3.7164726],