{"long":{"ics":[6.3923182,3.7393293,3.1259816,2.8580303,3.1973445,4.7291293,2.9269557,2.9009874,2.6097097,3.176526,4.2565603,1.3227866,4.166831,2.469424,3.9804788,4.359527,2.29052,0.95277405,1.120742,1.3099645,3.4636621,3.4680467,1.9643261,1.2554821,4.4006414,3.1134882,1.6937453,2.9439878,1.7819238,1.9471563,1.8349662,0.54515153,0.6946163,2.6097162,1.8123394,2.6531801,2.0548353,5.6842103,1.9899492,4.212458,4.124899,1.5305068,1.4973198,5.3393693,5.7620196,1.4533089,1.5163788,0.3746316,0.48088017,2.3109071,2.2923243,0.95003086,2.0084374,0.2851574,0.46613976,1.8845437,0.9864015],"entropies":[6.185067,4.571231,4.0265503,3.8655148,3.4342163,3.466115,3.377392,3.9645445,4.103107,3.6794908,3.177867,3.0835247,2.9527805,3.5027618,3.525163,3.4859598,3.5941725,2.8196845,3.121358,2.7293763,3.3063211,3.5244696,3.6489213,2.7979867,3.1764786,3.5181532,2.9619458,3.0708463,3.2157822,3.0349278,2.6595883,1.9998842,2.1114242,2.3906348,3.1201394,3.4211783,2.8384843,3.0100763,3.5814257,3.1412535,3.4591372,3.7208962,3.305145,3.246434,3.5169632,3.794754,3.2521317,1.5430437,1.7939265,3.1819818,3.2133076,2.624509,2.849694,1.2289853,1.778368,2.8729947,2.3978863],"last_note_probs":[0.0,0.0,0.0,0.0,0.0,0.0,0.0,0.0,0.0,0.0,0.0,0.0,0.0,0.0,0.0,0.0,0.0,0.0,0.0,0.0,0.0,0.0,0.0,0.0,0.0,0.0,0.0,0.0,0.0,0.0,0.0,0.0,0.0,0.0,0.0,0.0,0.0,0.0,0.0,0.0,0.0,0.0,0.0,0.0,0.0,0.0,0.0,0.0,0.0,0.0006513029,0.0008550615,0.0012854782,0.0010933375,0.0024398966,0.0011404636,0.0023704905,0.0018187467,0.0020643678,0.0033127218,0.001606237,0.0036714755,0.0025946104,0.010287179,0.5047352,0.0063932207,0.14672293,0.0048526493,0.2225833,0.011744438,0.010421768,0.014028547,0.0019401675,0.0074694413,0.0019981011,0.0024753022,0.0029523906,0.0012752089,0.0030052941,0.0012750985,0.0018850579,0.0010260746,0.0014120283,0.0010253103,0.00064332446,0.0013067916,0.00055943546,0.0006694143,0.00080090226,0.0004684495,0.0008275622,0.0004074387,0.00056921615,0.00043210128,0.0004624751,0.0004814788,0.00036326353,0.00044690078,0.00030637466,0.00036905077,0.0004562639,0.00029976977,0.0003820389,0.000280724,0.0003522323,0.00030084298,0.0002731529,0.0002900431,0.00023984622,0.00025811227,0.00022592676,0.0002512523,0.00031572796,0.00024252529,0.0002781769,0.00021841821,0.0002951389,0.00024690077,0.00023691317,0.00025192407,0.0,0.00023116758,0.0,0.0,0.0,0.0,0.00027888457,0.0,0.0002669336]},"short":{"ics":[4.754212,2.5952277,2.5407207,4.4926167,1.5864619,8.303439,1.7270766,1.8835692,1.5455762,3.7244403,1.9589604,3.065014,1.4106406,1.5923597,3.0166335,3.1010892,2.0502279,1.8196768,2.500385,1.9896461,3.633034,2.9092464,6.3622065,0.9861291,0.91688496,0.3980018,0.3240944,2.637063,0.9458808],"entropies":[5.9733453,4.1997647,3.3431036,3.309417,3.2999475,1.0890962,3.1763864,3.0308137,3.224318,3.0030649,3.187184,3.216895,2.388838,2.265989,2.9646647,3.218568,3.2007666,3.0310981,2.6925786,2.5867875,3.5084846,3.4725718,3.717018,2.9177563,2.7914538,1.4847169,1.2617327,2.72214,2.1421142],"last_note_probs":[0.0,0.0,0.0,0.0,0.0,0.0,0.0,0.0,0.0,0.0,0.0,0.0,0.0,0.0,0.0,0.0,0.0,0.0,0.0,0.0,0.0,0.0,0.0,0.0,0.0,0.0,0.0,0.0,0.0,0.0,0.0,0.0,0.0,0.0,0.0,0.0,0.0,0.0,0.0,0.0,0.0,0.0,0.0,0.0,0.0,0.0,0.0,0.0,0.0,0.0004230107,0.0007587068,0.00040348733,0.0007136341,0.000518702,0.00072967383,0.0009394469,0.0006637096,0.0018803373,0.000871889,0.0022607788,0.0017430128,0.0017966604,0.003035322,0.0015922441,0.0033788637,0.0023526093,0.0043334346,0.5191125,0.005484166,0.16245519,0.0032356177,0.23741224,0.004743595,0.0035365317,0.004323524,0.0017494833,0.0033033306,0.0016818632,0.0024477711,0.0021588986,0.001264278,0.0023510077,0.0008210114,0.0017068951,0.0009775414,0.00093465106,0.0008831865,0.0005556741,0.0007669181,0.00046098206,0.000585648,0.0005578323,0.0003942529,0.0006824557,0.0003309185,0.0005652497,0.00033977084,0.0003715003,0.00038406366,0.00028481422,0.00036354153,0.00023170849,0.0002945569,0.00028960308,0.00022920751,0.0002743247,0.00021030975,0.0003119199,0.00022120404,0.00019402933,0.00020558383,0.0001697558,0.00018421379,0.00015936344,0.00018209899,0.0001863091,0.00017565844,0.00018974143,0.00015533579,0.0,0.00017543088,0.0,0.0,0.0,0.0,0.00015245374,0.0,0.0001846785]}}