{"1":{"ics":[6.1898255,3.9408705,3.353427,2.57062,3.1147726,2.7020662,3.924104,5.479295,3.6763523,2.6888938,3.8958712,2.2883134,2.9224515,2.96769,2.1071994,3.4560208,3.930991,1.5077583,3.5021067,7.8171687],"entropies":[6.189825,4.7900195,3.9170845,3.5516346,2.9482176,2.6055236,3.6547432,3.3898387,3.7848308,3.7942379,3.473518,4.0499396,3.8473215,4.1100597,3.8832328,2.8642719,3.2893047,2.5559876,2.9047623,3.4398727],"last_note_probs":[0.0,0.0,0.0,0.0,0.0,0.0,0.0,0.0,0.0,0.0,0.0,0.0,0.0,0.0,0.0,0.0,0.0,0.0,0.0,0.0,0.0,0.0,0.0,0.0,0.0,0.0,0.0,0.0,0.0,0.0,0.0,0.0,0.0,0.0,0.0,0.0,0.0,0.0,0.0,0.0,0.0,0.0,0.0,0.0,0.0,0.0,0.0,0.0,0.0,0.00016875748,0.0005453514,0.00035743063,0.0006685351,0.00086178747,0.00083929714,0.003732701,0.0010456527,0.004529373,0.003794752,0.0047452804,0.021870034,0.0044340207,0.031406477,0.014637902,0.035332453,0.13083234,0.060289588,0.27209818,0.015049806,0.20722611,0.023874646,0.05494024,0.05242451,0.0038130458,0.018569814,0.0047315825,0.008169727,0.0044850674,0.0016495845,0.004673764,0.00078941014,0.0014738711,0.00091787335,0.0008465521,0.000795523,0.00032617687,0.0007282763,0.00025722486,0.0003378947,0.00027383966,0.00016200215,0.00029397575,9.490792e-05,0.00015806925,0.00010571661,8.943617e-05,7.837093e-05,4.750982e-05,7.5193624e-05,3.657613e-05,3.560293e-05,2.9212082e-05,2.2432667e-05,3.0536048e-05,1.841365e-05,1.8597066e-05,1.24313165e-05,1.4855681e-05,1.0468633e-05,9.457876e-06,1.52098755e-05,8.285261e-06,1.0492244e-05,8.048124e-06,8.091702e-06,1.0069729e-05,8.163224e-06,8.033928e-06,7.87106e-06,0.0,7.87106e-06,0.0,0.0,0.0,0.0,7.861424e-06,0.0,1.2011058e-05]},"2":{"ics":[6.1898255,3.4445257,2.848223,4.3355618,3.2485285,5.4709625,2.5918257,1.6133655,4.2830963,2.7152467,2.5696826,2.5902982,5.9401937,1.8659034,0.6534549,5.7862024,6.5444465],"entropies":[6.189825,4.727754,3.3242304,3.525231,3.9600203,3.4567702,3.5210817,3.1990771,3.2234814,3.4868703,3.2893443,3.878234,3.2559195,3.6682842,2.5997124,1.6769475,3.9640424],"last_note_probs":[0.0,0.0,0.0,0.0,0.0,0.0,0.0,0.0,0.0,0.0,0.0,0.0,0.0,0.0,0.0,0.0,0.0,0.0,0.0,0.0,0.0,0.0,0.0,0.0,0.0,0.0,0.0,0.0,0.0,0.0,0.0,0.0,0.0,0.0,0.0,0.0,0.0,0.0,0.0,0.0,0.0,0.0,0.0,0.0,0.0,0.0,0.0,0.0,0.0,0.0007025925,0.0010598851,0.0011402281,0.0012663815,0.0021905035,0.001463276,0.0027900373,0.0026186332,0.0034569288,0.006447061,0.0032811328,0.010713352,0.0065134126,0.011049997,0.011304689,0.00798183,0.07628729,0.0068395585,0.051143922,0.03379931,0.019526709,0.2782495,0.01580956,0.097626,0.025785424,0.036716845,0.033023693,0.018231781,0.14182751,0.007110505,0.021095471,0.009639917,0.009350207,0.0070535787,0.003058289,0.0066126874,0.0029217566,0.0033830246,0.002425797,0.002002599,0.0027661102,0.0010219514,0.0015752265,0.0011425589,0.0012015456,0.0009847053,0.00065254525,0.0010229101,0.00052232476,0.0005984057,0.0004847973,0.00045474173,0.0004976253,0.00029493013,0.00034899276,0.000283108,0.00023147276,0.00021437606,0.00018470603,0.00021380093,0.00015430906,0.00018109141,0.00014114067,0.0001360785,0.00016497524,0.0001258323,0.00013721857,0.00012258987,0.00013608215,0.00011875209,0.0,0.00013833959,0.0,0.0,0.0,0.0,0.00012596449,0.0,0.00011961059]},"3":{"ics":[6.1898255,2.8824456,1.829106,2.5563245,1.620889,3.7490876,1.92917,4.277131,0.7451898,6.6674347,2.3392901,4.3329706,3.6018112,4.046668,2.0469372,3.3889153,8.169461],"entropies":[6.189825,4.6888547,3.2360206,3.4431016,3.4522831,3.05875,3.2404613,2.926043,2.51781,3.1627843,3.2107382,3.3290017,3.374841,3.7871401,3.5746076,3.21199,3.4838352],"last_note_probs":[0.0,0.0,0.0,0.0,0.0,0.0,0.0,0.0,0.0,0.0,0.0,0.0,0.0,0.0,0.0,0.0,0.0,0.0,0.0,0.0,0.0,0.0,0.0,0.0,0.0,0.0,0.0,0.0,0.0,0.0,0.0,0.0,0.0,0.0,0.0,0.0,0.0,0.0,0.0,0.0,0.0,0.0,0.0,0.0,0.0,0.0,0.0,0.0,0.0,0.00061489164,0.0009375483,0.0007638987,0.0013825914,0.0010310895,0.001988207,0.0019602843,0.001953945,0.0030693263,0.0022552225,0.00542468,0.0034733377,0.0041616126,0.011322331,0.0059070135,0.016222192,0.00559265,0.011974334,0.025969192,0.012187696,0.20551042,0.016075164,0.1321597,0.022104343,0.020510783,0.32950655,0.010976023,0.063911445,0.006657224,0.0116616925,0.008514411,0.0069882153,0.006392545,0.0032990351,0.006692363,0.0029315173,0.0028401823,0.0028796867,0.0021058852,0.0024463814,0.0013459511,0.0018405059,0.0015532558,0.0011854474,0.0013985689,0.0008509178,0.0012563353,0.00072738633,0.0007063827,0.0006980879,0.0005536872,0.00059134205,0.00040160184,0.0005067064,0.00038626447,0.00033027297,0.00029938392,0.00027358148,0.0002891534,0.00026921483,0.0002074531,0.00020208488,0.00017620478,0.00018238375,0.00016035645,0.0001803059,0.000149175,0.00018683793,0.00014653572,0.00014875406,0.0,0.00014625928,0.0,0.0,0.0,0.0,0.0001461203,0.0,0.00014762148]},"4":{"ics":[6.1898255,4.70205,2.1106606,1.4874189,3.136503,2.6148064,5.4766088,3.3196135,1.1899159,3.287287,1.3263184,5.2194824,2.2682872,1.4715244,2.4670212,4.1778007,7.023229],"entropies":[6.189825,4.70689,3.9643388,3.1063898,3.1925757,3.6142664,3.0997417,3.6507237,2.677924,3.4065204,2.779182,3.2886226,3.3676496,2.9783242,3.338646,3.2828379,2.1303227],"last_note_probs":[0.0,0.0,0.0,0.0,0.0,0.0,0.0,0.0,0.0,0.0,0.0,0.0,0.0,0.0,0.0,0.0,0.0,0.0,0.0,0.0,0.0,0.0,0.0,0.0,0.0,0.0,0.0,0.0,0.0,0.0,0.0,0.0,0.0,0.0,0.0,0.0,0.0,0.0,0.0,0.0,0.0,0.0,0.0,0.0,0.0,0.0,0.0,0.0,0.0,1.11652125e-05,6.154321e-05,3.236295e-05,8.539755e-05,0.0007255519,0.000110925124,0.0004395632,0.00039479043,0.0012390445,0.0030477308,0.006359505,0.007687717,0.0028266872,0.04490378,0.011552013,0.63270956,0.10084028,0.006336772,0.099476315,0.005803814,0.034804955,0.009074107,0.0034636904,0.007949642,0.0020203951,0.005053659,0.0014480774,0.0023235371,0.0024827516,0.00090311485,0.0012648031,0.00049870746,0.001068128,0.0004107345,0.0004966203,0.00044776456,0.0002001796,0.0003597509,0.000111967944,0.00020634265,0.00013788484,8.447864e-05,0.00010923995,4.8461978e-05,8.316609e-05,4.305051e-05,4.5834568e-05,3.9341103e-05,2.1361013e-05,2.9327693e-05,1.3009212e-05,1.8624858e-05,1.8535047e-05,9.079737e-06,9.325241e-06,5.977072e-06,6.6373427e-06,4.5452803e-06,3.891912e-06,3.4491504e-06,2.7996261e-06,3.119759e-06,2.4433084e-06,2.7228434e-06,2.2543868e-06,2.5761626e-06,2.1107192e-06,2.3432074e-06,2.5816555e-06,2.089913e-06,0.0,2.089913e-06,0.0,0.0,0.0,0.0,2.0829589e-06,0.0,2.1589497e-06]},"5":{"ics":[6.1898255,3.286715,5.7649016,4.08173,3.6038482,3.121215,4.8416953,2.9344485,3.9498863,2.4723456,2.9095025,4.4129295,3.1530242,1.1740754,1.8744626,1.7350864,2.149757,1.9714204,1.8284762,2.110397,6.39883,6.9589696],"entropies":[6.189825,4.7913895,2.870871,3.6795702,2.9919515,3.0825007,3.5701644,3.526132,3.749749,3.5287886,3.1377404,3.1885145,3.1961381,2.756138,3.3799126,3.0768168,3.1718004,2.0898209,3.3378513,2.9839401,3.1947403,3.5629804],"last_note_probs":[0.0,0.0,0.0,0.0,0.0,0.0,0.0,0.0,0.0,0.0,0.0,0.0,0.0,0.0,0.0,0.0,0.0,0.0,0.0,0.0,0.0,0.0,0.0,0.0,0.0,0.0,0.0,0.0,0.0,0.0,0.0,0.0,0.0,0.0,0.0,0.0,0.0,0.0,0.0,0.0,0.0,0.0,0.0,0.0,0.0,0.0,0.0,0.0,0.0,4.4726883e-05,0.00037029793,0.00014279626,0.00015183068,0.000808572,0.00026279181,0.00086684845,0.001163479,0.0018658078,0.004061738,0.0013176796,0.008037879,0.0047482355,0.06142917,0.04694862,0.03450117,0.19238283,0.016982013,0.1339244,0.022928793,0.045476686,0.22068353,0.006287221,0.038755003,0.0059184516,0.09798491,0.010821006,0.004140799,0.017128285,0.0027078066,0.0037744243,0.0016471512,0.0022696326,0.0020219123,0.0011638021,0.0013115009,0.0006130009,0.00097464974,0.00047201038,0.00044252202,0.00046912214,0.0002782126,0.00032127427,0.00014313417,0.00021269993,0.0001655384,0.00010246559,0.00021484395,6.685542e-05,9.302628e-05,4.7567493e-05,4.8666585e-05,5.3101492e-05,3.1856303e-05,3.403783e-05,1.8785076e-05,2.4887484e-05,1.8576735e-05,1.45250415e-05,1.2145367e-05,1.0753401e-05,1.146686e-05,8.684197e-06,7.747292e-06,7.909035e-06,6.2285535e-06,7.3712795e-06,5.8605297e-06,6.429486e-06,6.3649513e-06,0.0,5.3277836e-06,0.0,0.0,0.0,0.0,5.2610662e-06,0.0,5.339043e-06]},