{"long":{"ics":[4.5027074278372625,3.136023095602926,3.4772502414376394,2.2166588369222286,2.3570591399361023,3.0667433212473503,2.556538854332648,2.8855698790565976,2.098924328915906,2.56548090503059,2.125902152041528,2.5551436545549837,2.053599828765624,2.9760583400814586,2.5831204187740946,2.700925797421146,2.5534295919138947,1.9211764576494363,2.5343542381993363,2.749468099574347,3.8482660691758026,1.7999727498606115,2.1583274801910877,1.9280917056997444,1.7165166441552828,2.7723859654727248,1.7524103008327039,1.7158063769745904,2.750434619513687,2.2302516619035666,2.651517486656394,1.7645020578546566,2.5390721682204616,1.8991532125330672,2.5304005384010315,2.1410890984550712,1.9100067762073256,5.744336549243272,1.8962476376606086,1.6563266084297685,5.24006415471569,1.8472283250206396,1.627159692326085,2.1132465745823277,5.353143999420153,1.485598769469403,2.678560642073705,1.7711226933894821,2.6168628845431985,1.8422971689301055,2.6753539667458606,2.086894013547619,2.677560462932914,1.771472505861157,2.620247158422154,2.181260818366188,2.5649713173687947],"last_note_probs":[],"probs":[0.04411131477873232,0.11375303196282771,0.08979318468289975,0.21513902690297168,0.19518862168314605,0.11934885896857005,0.16998285518467346,0.13531841799569153,0.2334322297079706,0.1689325331150795,0.2291076994217752,0.1701473215120918,0.2408822795789988,0.12709169469020754,0.16687960823457154,0.1537943280415664,0.17034959328674545,0.2640391094430905,0.17261691659288178,0.14870570487438114,0.06943148945077887,0.28718001305672275,0.22401581932827097,0.26277652320753675,0.30428251840592757,0.14636211102986593,0.29680549336844797,0.30443235956404996,0.1486061142531839,0.21312154304607256,0.15915258703177154,0.2943282533463434,0.17205334332501482,0.26810068071254584,0.1730906213360201,0.22670858065466498,0.2660912958038021,0.01865444761522701,0.26864117717365643,0.3172458928028007,0.026459614361564424,0.27792580057076677,0.32372491452710006,0.23112631378182696,0.024464879728192477,0.3571002949221174,0.15619707667630348,0.2929806534433562,0.16302183496063372,0.2788773809980545,0.1565446417233439,0.2353869080135202,0.15630540117954905,0.2929096225883328,0.1626398665427974,0.22048297756732615,0.16899221387747615]},"short":{"ics":[4.385085196317422,2.115020019197016,1.915229098090286,3.759101307575786,3.5275239744735014,2.5319053192822674,2.0255349166186987,1.88740854307161,1.8428097944234374,2.5424711449963473,1.9851434432054371,2.603259634077335,1.904604199993689,2.505242086371504,2.7058553290016767,2.534554719244327,1.7567616534515984,2.5043900842339597,2.1181280823315136,2.5087064854621026,1.9059544951030978,3.502030363712516,9.951088515653094,2.0556114647542456,2.7958509775949123,1.7364012471798267,2.489822970567196,2.135992205594869,2.4028711707854082],"last_note_probs":[],"probs":[0.04785836111784671,0.2308423744336332,0.26512982972792437,0.07385803511174283,0.0867180439680713,0.172910175946425,0.24561406496404448,0.2702921385752963,0.27877830651910607,0.1716484643005283,0.2525877462672776,0.16456624648887702,0.2670896173725331,0.17613553610818802,0.1532697263628233,0.17259293091715092,0.29591163873640247,0.1762395859385287,0.2303455955813256,0.1757130825008613,0.2668397509275392,0.08826404260340859,0.0010102383881302847,0.2405466370660877,0.14400082901333203,0.3001173756124765,0.17802811848623723,0.22751093518339507,0.18908788400214746]}}