{"long":{"ics":[3.9038284696560543,3.7291522039237246,1.4562984684587668,2.616736350179626,0.9162147625883089,1.943942857861915,1.6078719712273097,2.3371741382748414,1.0509862246438686,0.9952517396434077,0.5470431701429058,0.9443744891979268,4.515968046615776,1.5124890409232041,2.514083102802833,4.818533519346756,1.6847789056202802,0.4187796473182558,0.39119245269594743,0.8495528034341588,4.161310257293111,1.3641959121122431,0.8728891221819769,0.2853576242702372,5.659613926660365,2.1317249407674286,1.6108705217468797,2.7770246371717993,2.609730799758563,1.0221490105072275,1.5519462508034898,0.11498543655126857,0.18091441797796057,3.8558930973436216,2.514013149879058,3.852955904045629,2.012661953127942,5.122412206649269,0.34488675779940553,2.0039641610571315,3.386461145929124,1.7496657616608466,2.035732689138249,3.8427805875554113,4.50076175703958,1.0197263462624373,0.5902474693301133,0.19173566145984924,0.4526310307522323,1.7514303102898607,1.4152328485679184,0.523071266666543,3.241679152102163,0.13614999724881635,0.33396649249513116,1.1472981603974723,0.1334927508388057],"entropies":[4.984998401006063,3.672020149230957,3.072030472755432,3.2691943963368733,2.443851931889852,2.870942783355713,2.3784077405929565,3.11954878171285,2.561439347267151,2.38709979057312,1.692562711238861,1.9944104115168253,1.5874819159507751,2.8512516021728516,3.042193063100179,1.1535924156506856,2.764439098040263,1.4119451800982157,1.3748894115289052,1.97596382300059,1.7855263630549112,2.862945731480916,2.3088295698165893,1.183662720521291,1.0263521413008372,2.473777747154236,2.4380901575088503,2.402385361989339,2.342338267962138,1.918478747208913,2.1395647088686625,0.570131732026736,0.8047741711139679,1.3905965030193328,2.8251388311386108,1.659621206919352,2.3252898772557575,1.94146625995636,1.312524139881134,2.762745229403178,2.663803974787394,2.276972428957621,3.1335615634918215,2.689706571896871,2.8014482339223226,2.4323102474212646,1.819910615682602,0.8438827425241471,1.5185288230578105,2.497160800298055,2.3126595894495647,1.4655669371287028,1.5672489881515503,0.6464418600002925,1.1748895823955536,1.8992387056350708,0.6547163585821788],"mdwics":1.9688997858153756,"last_note_probs":[1.4410231035776738e-10,1.277907431150958e-10,1.0868674286667693e-10,1.398669901758164e-10,8.892818696957089e-11,1.0407435390560304e-10,1.2660622154066388e-10,1.5468817495730794e-10,1.2823519921173302e-10,1.1322531551661436e-10,1.4734814547248561e-10,9.054755018694793e-11,1.4431291854519653e-10,1.2067095137794497e-10,1.2544571018170577e-10,1.4135927625929384e-10,1.4739553574435002e-10,8.938299100073992e-11,1.22383518156149e-10,1.1480747249871989e-10,1.1894547548875015e-10,1.0411203534849376e-10,1.3956163544704552e-10,7.563505429422345e-11,1.012878671416186e-10,1.349627480592396e-10,1.4925668279083235e-10,1.0847687206863635e-10,1.1096775139399218e-10,1.5576780107382412e-10,1.4554243902729566e-10,9.887572412301676e-11,7.762623785232079e-11,1.6598500872739309e-10,1.1842835142093545e-10,1.1281687917486423e-10,1.4545767469560192e-10,1.225655178622535e-10,9.534942611941905e-11,1.4605248136841224e-10,1.3651694245900872e-10,8.299814488032381e-11,1.357838496624716e-10,1.8254723890267708e-10,1.46239898005165e-10,1.5501701026337037e-10,1.5725769049948723e-10,1.3010710440154264e-10,9.247196565333877e-11,4.899440779600658e-07,3.5147794619661e-06,4.631911923146011e-05,1.0150539585159397e-06,2.569297522920048e-05,3.1397664201904263e-06,0.000740795331269813,0.00019446357206713097,3.863093312853986e-05,0.003924353102532526,0.0001588782950420864,0.009182564875421425,0.00039381523432287696,0.02869929630930225,0.1111388718088468,0.0007440632102467741,0.06817207559943199,0.0014123210217803716,0.7026314467191697,0.020028281956911087,0.0011576234731667985,0.030797352207203706,0.0004441940312972292,0.010487975676854451,0.00014048806927651942,0.0017602556482112655,0.006613840015294651,2.4974478977431622e-05,0.0002320156549103558,6.539312755649007e-06,0.0005954142456175759,3.209815213267575e-05,3.648128900598143e-06,5.405768503502865e-05,2.6280722939494202e-06,2.4044621083400366e-05,8.181358505036466e-07,9.145855316698242e-06,2.16910690748288e-05,7.348918577084381e-07,3.4537137025836273e-06,4.369592308724653e-07,2.4608756090553165e-05,2.1738323719470523e-06,4.791768702716581e-07,2.5685257384111536e-06,8.650702660872867e-07,3.6292186881799656e-06,4.65720042797102e-07,2.330803153445989e-06,2.335670386344191e-06,7.073940382203622e-07,1.2990024745344423e-06,3.587862207628708e-07,1.4521112457070255e-06,5.089917573049737e-07,2.745655984644676e-07,6.291186070465453e-07,2.4050143565546023e-07,4.3634714117501974e-07,1.1297527740724197e-07,2.5705911304759373e-07,1.5728989054923186e-07,6.894937572739697e-08,6.421923980740965e-08,6.243598564085555e-08,5.601999353288534e-08,4.113864894295105e-08,2.2449516234868128e-08,3.526125262146943e-08,4.241377524009475e-08,4.1407697093376325e-08,1.8757071492310948e-08,1.937565222709381e-08,2.8122983023829797e-08,1.840555528727824e-08,3.707617725427307e-08,3.0419638477145278e-09,9.98127614929937e-08]},"short":{"ics":[4.415171644528976,2.256478758979252,1.299150593729543,4.424839829818064,1.6044576673163173,2.9644120048302214,0.985433992547059,1.2607619740234794,1.2774537352453104,2.7593240600868745,2.9933795474326113,1.7918177159226845,1.316036554322893,0.8918383533976171,1.8022831533343662,2.523303463653032,0.37815097903379263,3.342821555595276,4.011283865449982,1.2857642319363454,1.9251843971422704,1.4094767884310548,7.207533433490841,0.5525238166515699,1.2656238987428872,0.6853720798167848,0.8181737280896855,3.4922611840039823,0.8309099521601642],"entropies":[4.984998401006063,3.6930248737335205,2.79142431418101,2.562256646156311,2.828601916631063,1.9416034022967021,2.21030015150706,2.6094726085662843,2.35919504960378,2.4159801324208576,2.1021747390429177,2.607887331644694,2.426027607917786,2.079162323474884,2.826287865638733,3.317003345489502,1.29854683081309,1.7725211381912231,1.2062196592489878,2.2203260183334352,2.4790096441904703,2.5201728026072185,2.7948975721995035,1.6195555210113526,2.402893312772115,1.6687763452529907,1.9688042283058167,1.8507865428924561,1.9668655037879943],"mdwics":1.9801854906985803,